insert into food_list values (1, 10, 11, 12, 13, 'food1', 15, 16, 17, 18);
insert into food_list values (2, 14, 11, 12, 13, 'food2', 5, 13, 17, 11);
insert into food_list values (3, 10, 8, 15, 13, 'food3', 15, 19, 15, 12);
insert into food_list values (4, 10, 8, 12, 13, 'food4', 15, 26, 17, 1);
insert into food_list values (5, 9, 11, 10, 13, 'food5', 5, 16, 17, 18);

INSERT INTO USER (ID, USERNAME, PASSWORD, FIRSTNAME, LASTNAME, EMAIL, ENABLED, LASTPASSWORDRESETDATE, HEIGHT, WEIGHT, BIRTHDAY, GENDER) VALUES (190976, 'admin', '$2a$08$lDnHPz7eUkSi6ao14Twuau08mzhWrL4kyZGGU5xfiGALO/Vxd5DOi', 'admin', 'admin', 'admin@admin.com', 1, STR_TO_DATE('01-01-2016', '%d-%m-%Y'), 21, 11, STR_TO_DATE('01-01-1997', '%d-%m-%Y'), 'MALE');
INSERT INTO USER (ID, USERNAME, PASSWORD, FIRSTNAME, LASTNAME, EMAIL, ENABLED, LASTPASSWORDRESETDATE, HEIGHT, WEIGHT, BIRTHDAY, GENDER) VALUES (190979, 'curator', '$2a$08$lDnHPz7eUkSi6ao14Twuau08mzhWrL4kyZGGU5xfiGALO/Vxd5DOi', 'curator', 'curator', 'curator@curator.com', 1, STR_TO_DATE('01-01-2016', '%d-%m-%Y'), 21, 11, STR_TO_DATE('01-01-1997', '%d-%m-%Y'), 'MALE');
INSERT INTO USER (ID, USERNAME, PASSWORD, FIRSTNAME, LASTNAME, EMAIL, ENABLED, LASTPASSWORDRESETDATE, HEIGHT, WEIGHT, BIRTHDAY, GENDER) VALUES (876567, 'user', '$2a$08$UkVvwpULis18S19S5pZFn.YHPZt3oaqHZnDwqbCW9pft6uFtkXKDC', 'user', 'user', 'enabled@user.com', 1, STR_TO_DATE('01-01-2016','%d-%m-%Y'), 23, 11, STR_TO_DATE('01-03-1992', '%d-%m-%Y'), 'FEMALE');
INSERT INTO USER (ID, USERNAME, PASSWORD, FIRSTNAME, LASTNAME, EMAIL, ENABLED, LASTPASSWORDRESETDATE, HEIGHT, WEIGHT, BIRTHDAY, GENDER) VALUES (451873, 'disabled', '$2a$08$UkVvwpULis18S19S5pZFn.YHPZt3oaqHZnDwqbCW9pft6uFtkXKDC', 'user', 'user', 'disabled@user.com', 0, STR_TO_DATE('01-01-2016','%d-%m-%Y'), 29, 11, STR_TO_DATE('03-09-2000', '%d-%m-%Y'), 'MALE');

INSERT INTO AUTHORITY (ID, NAME) VALUES (1, 'ROLE_USER');
INSERT INTO AUTHORITY (ID, NAME) VALUES (2, 'ROLE_ADMIN');
INSERT INTO AUTHORITY (ID, NAME) VALUES (3, 'ROLE_CURATOR');

INSERT INTO USER_AUTHORITY (USER_ID, AUTHORITY_ID) VALUES (190976, 1);
INSERT INTO USER_AUTHORITY (USER_ID, AUTHORITY_ID) VALUES (190976, 2);
INSERT INTO USER_AUTHORITY (USER_ID, AUTHORITY_ID) VALUES (876567, 1);
INSERT INTO USER_AUTHORITY (USER_ID, AUTHORITY_ID) VALUES (451873, 1);
INSERT INTO USER_AUTHORITY (USER_ID, AUTHORITY_ID) VALUES (190979, 1);
INSERT INTO USER_AUTHORITY (USER_ID, AUTHORITY_ID) VALUES (190979, 3);
